{"cameraMode":{"drawMode":0,"name":"Shaded","section":"Shading Mode"},"sceneLighting":true,"audioPlay":false,"sceneViewState":{"m_AlwaysRefresh":false,"showFog":true,"showSkybox":true,"showFlares":true,"showImageEffects":true,"showParticleSystems":true,"showVisualEffectGraphs":true,"m_FxEnabled":true},"in2DMode":false,"pivot":{"x":-16.941207885742189,"y":-39.99058151245117,"z":112.92122650146485},"rotation":{"x":0.18740242719650269,"y":-0.06977704167366028,"z":0.01334702130407095,"w":0.9797133207321167},"size":68.16680145263672,"orthographic":false}